,count,mean,std,min,25%,50%,75%,max
clump_thickness,699.0,4.417739628040057,2.8157406585949314,1.0,2.0,4.0,6.0,10.0
uniformity_cell_size,699.0,3.13447782546495,3.051459109954201,1.0,1.0,1.0,5.0,10.0
uniformity_cell_shape,699.0,3.207439198855508,2.9719127672157133,1.0,1.0,1.0,5.0,10.0
marginal_adhesion,699.0,2.8068669527896994,2.855379239217024,1.0,1.0,1.0,4.0,10.0
single_epithelial_cell_size,699.0,3.216022889842632,2.214299886649048,1.0,2.0,2.0,4.0,10.0
bare_nuclei,683.0,3.5446559297218156,3.643857160492915,1.0,1.0,1.0,6.0,10.0
bland_chromatin,699.0,3.4377682403433476,2.438364252324251,1.0,2.0,3.0,5.0,10.0
normal_nucleoli,699.0,2.866952789699571,3.053633893612775,1.0,1.0,1.0,4.0,10.0
mitoses,699.0,1.5894134477825466,1.7150779425067944,1.0,1.0,1.0,1.0,10.0
